traj_idx,frame,x,y,z
0,0,16.2151345,2.2449164,0.0
0,1,13.9876245,6.1774207,0.0
0,2,10.6576275,7.11546,0.0
0,3,12.8435159,12.8097709,0.0
0,4,12.1561054,12.7485933,0.0
0,5,12.3633714,12.3993397,0.0
0,6,12.3317161,12.8359492,0.0
0,7,12.3232144,13.4782675,0.0
1,8,6.8902006,4.319202,0.0
1,9,7.0706993,4.7013984,0.0
1,10,7.4243161,4.4143799,0.0
1,11,6.9977056,4.2356666,0.0
1,12,7.1608375,4.8458904,0.0
1,13,7.4694308,4.7022288,0.0
1,14,7.1662978,4.9775181,0.0
