traj_idx,frame,x,y,z
0,0,10.9829393,9.1231024,0.0
0,1,10.0882041,9.034159,0.0
0,2,10.6643034,8.3758956,0.0
0,3,10.7997917,9.0115532,0.0
0,4,10.6143915,8.9595954,0.0
0,5,10.6199644,8.7761643,0.0
0,6,10.6280215,8.8491008,0.0
0,7,10.6014652,8.8873962,0.0
0,8,10.4680865,9.0154453,0.0
0,9,10.8084584,8.7725061,0.0
0,10,10.205142,8.2908648,0.0
1,0,8.7501239,14.3159987,0.0
1,2,11.2786086,14.6629824,0.0
1,3,8.6650196,15.972046,0.0
1,4,8.9212198,19.197739,0.0
